{
    "App": {
        "Name": "CSV Editor",
        "NewFile": "(Tệp mới)"
    },
    "Menu": {
        "File": "Tệp",
        "Open": "Mở",
        "OpenFromUrl": "Mở từ URL",
        "New": "Tạo mới",
        "Save": "Lưu",
        "SaveAs": "Lưu thành...",
        "ExportToExcel": "Xuất sang Excel",
        "Close": "Đóng tệp đang mở",
        "View": "Xem",
        "FindAndReplace": "Tìm và thay thế",
        "HideQuoteMarks": "Ẩn dấu ngoặc kép",
        "ShowQuoteMarks": "Hiển thị dấu ngoặc kép",
        "ResizeColumns": "Điều chỉnh độ rộng cột",
        "ColumnHeaderStyle": "Tiêu đề cột",
        "ColorCustomization": "Tùy chỉnh giao diện",
        "ColumnNumber": "Số thứ tự cột",
        "ExcelStyle": "Phong cách Excel",
        "CsvHeader": "Tiêu đề CSV",
        "Customize": "Tiêu đề tùy chỉnh",
        "Option": "Tùy chọn",
        "Encoding": "Mã hóa",
        "Delimiter": "Phân cách",
        "Language": "Ngôn ngữ",
        "Tools": "Công cụ",
        "MergeFiles": "Gộp nhiều tập tin",
        "OpenWithEncrypt": "Mở tệp mã hóa",
        "SaveWithEncrypt": "Lưu tệp mã hóa",
        "Help": "Trợ giúp",
        "CheckForUpdates": "Kiểm tra cập nhật",
        "About": "Giới thiệu CSV Editor"
    },
    "Button": {
        "Undo": "Hoàn tác",
        "Redo": "Thực thi lại",
        "ZoomIn": "Phóng to nội dung",
        "ZoomOut": "Thu nhỏ nội dung",
        "ZoomSize": "Điều chỉnh kích thước",
        "QuoteMarksAdd": "Thêm ngoặc kép",
        "QuoteMarksRemove": "Xóa ngoặc kép",
        "Highlight": "Highlight",
        "HighlightRemove": "Xóa Highlight",
        "HighlightClear": "Xóa tất cả Highlight",
        "AlignLeft": "Căn trái",
        "AlignCenter": "Căn giữa",
        "AlignRight": "Căn phải",
        "Confirm": "Xác nhận",
        "Cancel": "Hủy",
        "OK": "Đồng ý",
        "Add": "Thêm",
        "Remove": "Xóa",
        "Download": "Tải xuống",
        "DownloadNow": "Tải ngay",
        "Skip": "Bỏ qua",
        "Apply": "Áp dụng",
        "Reset": "Khôi phục mặc định",
        "Edit": "Sửa",
        "QuickApply": "Áp dụng nhanh",
        "QuickConfig": "Cấu hình nhanh"
    },
    "Common": {
        "Name": "Tên",
        "Height": "Chiều cao",
        "Count": "Số lượng"
    },
    "CustomizeHeader": {
        "Title": "Cấu hình tiêu đề",
        "NewColumn": "Cột mới",
        "NewHeader": "Tiêu đề mới",
        "InfoText": "* Chọn một tiêu đề để đặt làm hoạt động. Nhấp \"Sửa\" để cấu hình cột.",
        "HeaderText": {
            "DisplayName": "Tiêu đề",
            "Description": "Nội dung hiển thị tên của cột."
        },
        "SubText": {
            "DisplayName": "Tiêu đề phụ",
            "Description": "Nội dung tiêu đề phụ của cột.\nPhần này sẽ được hiển thị phía trên tiêu đề chính."
        },
        "ToolTipText": {
            "DisplayName": "Ghi chú",
            "Description": "Nội dung ghi chú của cột.\nSẽ được hiển thị khi người dùng di chuột vào tiêu đề cột."
        },
        "Background": {
            "DisplayName": "Màu nền",
            "Description": "Màu nền được sử dụng cho tiêu đề cột."
        },
        "Foreground": {
            "DisplayName": "Màu chữ",
            "Description": "Màu chữ được sử dụng cho tiêu đề cột."
        },
        "TextStyle": {
            "DisplayName": "Kiểu vẽ",
            "Description": "Thiết lập phong cách hiển thị cho tiêu đề cột."
        },
        "RotationPercent": {
            "DisplayName": "Góc xoay",
            "Description": "Thiết lập góc xoay của tiêu đề chính.\nĐược giới hạn trong khoảng từ 0 đến 360 độ."
        }
    },
    "QuickApplyStyle": {
        "Title": "Áp dụng nhanh giao diện",
        "NoSelection": "Vui lòng chọn ít nhất một tùy chọn để áp dụng.",
        "NoColumns": "Không có cột nào để áp dụng. Vui lòng thêm cột trước."
    },
    "QuickHeaderConfig": {
        "Title": "Cấu hình nhanh tiêu đề",
        "DataLabel": "Dán dữ liệu tiêu đề (vd: \"Cột1\",\"Cột2\",\"Cột3\"):",
        "DelimiterLabel": "Chọn ký tự phân cách:",
        "NoColumns": "Không phát hiện cột nào. Vui lòng kiểm tra dữ liệu và ký tự phân cách."
    },
    "CustomizeStyle": {
        "Title": "Tùy chỉnh giao diện",
        "Colors": "Màu sắc",
        "Headers": "Tiêu đề",
        "CellStyle": "Kiểu ô",
        "Selection": "Ô được chọn",
        "FindMatch": "Ô được tìm kiếm",
        "Highlight": "Ô nổi bật",
        "EmptyCell": "Ô trống",
        "FrozenCell": "Ô đóng băng",
        "HeaderHover": "Di chuột qua tiêu đề",
        "Background": "Nền",
        "Foreground": "Chữ"
    },
    "CellStyle": {
        "UseCellStyle": "Sử dụng định dạng ô tùy chỉnh",
        "LeadingZeroAsText": "Xem số có \"0\" đầu tiên là văn bản (vd: \"0123\" là Text, \"1234\" là Number)",
        "Type": "Loại",
        "Color": "Màu sắc",
        "Alignment": "Căn chỉnh",
        "Number": "Kiểu số",
        "Text": "Văn bản",
        "Date": "Ngày/Giờ"
    },
    "Delimiter": {
        "Comma": "Dấu phẩy (,)",
        "Semicolon": "Dấu chấm phẩy (;)",
        "Pipe": "Dấu sổ dọc (|)",
        "Space": "Khoảng trắng ( )",
        "Colon": "Dấu hai chấm (:)",
        "Tab": "Dấu tab (\\t)"
    },
    "EmptyState": {
        "Title": "Kéo thả tệp CSV vào đây",
        "Subtitle": "hoặc sử dụng menu Tệp → Mở để chọn tệp",
        "Formats": "Hỗ trợ:"
    },
    "InputBox": {
        "NewCSVTitle": "Thêm mới CSV",
        "EnterRows": "Nhập số dòng:",
        "EnterColumns": "Nhập số cột:",
        "InsertRowTitle": "Chèn dòng mới",
        "InsertRowAboveTitle": "Chèn dòng phía trước",
        "InsertColumnTitle": "Chèn cột mới",
        "InsertColumnBeforeTitle": "Chèn cột phía trước",
        "UrlTitle": "Mở CSV từ URL",
        "EnterUrl": "Nhập URL (HTTP/HTTPS):",
        "EnterHeaderName": "Nhập tên tiêu đề",
        "HeaderName": "Tên tiêu đề:",
        "EnterHeaderHeight": "Nhập chiều cao tiêu đề",
        "HeaderHeight": "Chiều cao (px):",
        "GoToRowTitle": "Đi đến dòng",
        "EnterRowIndex": "Nhập số thứ tự dòng:"
    },
    "EditTextBox": {
        "WrapText": "Tự động xuống dòng",
        "EditValueTitle": "Thay đổi giá trị"
    },
    "FindAndReplace": {
        "FindWhat": "Tìm kiếm:",
        "ReplaceWith": "Thay thế bằng:",
        "Mode": {
            "Title": "Chế độ tìm kiếm",
            "Accurate": "Chính xác",
            "Contains": "Tương đối",
            "StartsWith": "Bắt đầu",
            "EndsWith": "Kết thúc"
        },
        "FindOnlyColumn": "Chỉ tìm ở cột hiện tại",
        "FindPrevious": "<< Về trước",
        "FindNext": "Đi tiếp >>",
        "Replace": "Thay thế",
        "ReplaceAll": "Thay tất cả",
        "EnterValue": "Nhập giá trị để tìm kiếm!",
        "ClickToSearch": "Nhấn để tìm kiếm!",
        "NotFound": "Không tìm thấy: \"{0}\"",
        "Count": "Số lượng: {0}/{1}"
    },
    "Filter": {
        "Search": "Tìm kiếm...",
        "SelectAll": "(Tất cả)",
        "Blanks": "(Ô trống)",
        "Apply": "Áp dụng",
        "Cancel": "Hủy",
        "SortNameAsc": "Tên ↑",
        "SortNameDesc": "Tên ↓",
        "SortCountAsc": "SLg ↑",
        "SortCountDesc": "SLg ↓"
    },
    "ContextMenu": {
        "EditCell": "Chỉnh sửa ô",
        "DeleteCells": "Xóa các ô đang chọn",
        "InsertRowAbove": "Chèn hàng phía trước",
        "InsertRowsAbove": "Chèn nhiều hàng phía trước",
        "InsertRow": "Chèn hàng",
        "InsertRows": "Chèn nhiều hàng",
        "FreezeRow": "Đóng băng hàng",
        "UnfreezeRow": "Bỏ đóng băng hàng",
        "HideSelectedRows": "Ẩn các hàng đã chọn",
        "UnhideSelectedRows": "Hiện các hàng đã chọn",
        "UnhideAllRows": "Hiện tất cả các hàng",
        "DeleteSelectedRows": "Xóa các hàng đã chọn",
        "FilterColumn": "Lọc",
        "SortColumn": "Sắp xếp",
        "SortAscending": "Tăng dần (A → Z)",
        "SortDescending": "Giảm dần (Z → A)",
        "SortNatural": "Tự nhiên (1, 2, 10)",
        "SortShuffle": "Ngẫu nhiên",
        "InsertColumnBefore": "Chèn cột phía trước",
        "InsertColumnsBefore": "Chèn nhiều cột phía trước",
        "InsertColumn": "Chèn cột",
        "InsertColumns": "Chèn nhiều cột",
        "FreezeColumn": "Đóng băng cột",
        "UnfreezeColumn": "Bỏ đóng băng cột",
        "HideSelectedColumns": "Ẩn các cột đã chọn",
        "UnhideSelectedColumns": "Hiện các cột đã chọn",
        "UnhideAllColumns": "Hiện tất cả các cột",
        "DeleteSelectedColumns": "Xóa các cột đã chọn"
    },
    "Message": {
        "Error": "Lỗi",
        "ErrorTitle": "Lỗi",
        "Notification": "Thông báo",
        "InitializingGrid": "Đang khởi tạo lưới dữ liệu...",
        "Processing": "Đang xử lý...",
        "FrozenRowWarning": "Dòng đang chọn bị đóng băng.\r\nKhông thể thực hiện thao tác này!",
        "FrozenColumnWarning": "Cột đang chọn bị đóng băng.\r\nKhông thể thực hiện thao tác này!",
        "ConfirmSave": "Bạn có chắc muốn lưu file",
        "SaveTitle": "Lưu",
        "SavedTitle": "Đã lưu",
        "SavedAt": "File lưu tại: {0}",
        "ReadError": "Không thể đọc file:\n{0}",
        "SaveError": "Không thể lưu file:\n{0}",
        "MergeError": "Lỗi khi merge file: {0}",
        "ConfirmSaveEncrypted": "Bạn chắc chắn chứ?",
        "SaveEncryptedTitle": "Lưu tệp mã hóa",
        "ResizingColumns": "Đang điều chỉnh độ rộng cột...",
        "ReplaceAllConfirm": "Thay {0} ô thành \"{1}\"?\r\n Bạn chắc chứ?",
        "ReplaceAllTitle": "Thay thế toàn bộ",
        "UnsavedChanges": "Bạn có muốn lưu không?",
        "UnsavedChangesTitle": "Có thay đổi chưa được lưu",
        "CannotOpenFile": "Không thể mở file: {0}\n{1}",
        "CannotHideAllColumns": "Không thể ẩn toàn bộ cột",
        "CannotDeleteAllColumns": "Không thể xóa toàn bộ cột",
        "CannotUpdateHeader": "Không thể cập nhật dòng tiêu đề!\r\nHãy chuyển chế độ hiển thị và thực hiện lại.",
        "ErrorExecuting": "Lỗi khi thực thi",
        "ErrorUndoing": "Lỗi khi hoàn tác",
        "ErrorRedoing": "Lỗi khi thực thi lại",
        "InvalidUrl": "Vui lòng nhập URL HTTP hoặc HTTPS hợp lệ",
        "UrlDownloadError": "Không thể tải file từ URL:\n{0}",
        "UrlLoadError": "Không thể mở CSV từ URL:\n{0}",
        "ConfigureColumns": "Cấu hình cột cho: {0}",
        "ConfirmDeleteHeader": "Bạn có chắc chắn muốn xóa cấu hình tiêu đề này không?",
        "ConfirmDeleteTitle": "Xác nhận xóa",
        "RowNotVisible": "Dòng được chỉ định không hiển thị. Có thể nó đã bị ẩn hoặc lọc."
    },
    "Language": {
        "Vietnamese": "Tiếng Việt",
        "English": "English",
        "Japanese": "日本語"
    },
    "StatusBar": {
        "Cols": "SL cột",
        "Rows": "SL dòng",
        "Characters": "ký tự",
        "Sum": "Tổng"
    },
    "Update": {
        "Title": "Có bản cập nhật mới",
        "Message": "Phiên bản mới của CSV Editor đã có sẵn!",
        "MandatoryMessage": "Đây là bản cập nhật bắt buộc. Vui lòng tải xuống và cài đặt phiên bản mới nhất.",
        "CurrentVersion": "Phiên bản hiện tại: {0}",
        "NewVersion": "Phiên bản mới: {0}",
        "WhatsNew": "Có gì mới:",
        "NoChangelog": "Không có ghi chú phát hành.",
        "UpToDate": "Bạn đang sử dụng phiên bản mới nhất!",
        "CheckFailed": "Không thể kiểm tra cập nhật. Vui lòng thử lại sau.",
        "Downloading": "Đang tải xuống",
        "PreparingDownload": "Đang chuẩn bị tải xuống...",
        "DownloadCompleted": "Tải xuống hoàn tất!",
        "DownloadCancelled": "Đã hủy tải xuống.",
        "DownloadFailed": "Tải xuống thất bại.",
        "DownloadError": "Không thể tải xuống bản cập nhật:\n{0}",
        "Cancelling": "Đang hủy tải xuống...",
        "InstallNow": "Bản cập nhật đã được tải xuống. Bạn có muốn cài đặt ngay bây giờ không?",
        "InstallTitle": "Cài đặt bản cập nhật",
        "SaveUpdateTitle": "Lưu tệp cập nhật",
        "DownloadSuccessPortable": "Tệp cập nhật đã được tải xuống thành công tại:\n{0}"
    }
}
