{
    "App": {
        "Name": "CSV Editor",
        "NewFile": "(New file)"
    },
    "Menu": {
        "File": "File",
        "Open": "Open",
        "OpenFromUrl": "Open from URL",
        "New": "New",
        "Save": "Save",
        "SaveAs": "Save As...",
        "ExportToExcel": "Export to Excel",
        "Close": "Close file",
        "RecentFiles": "Recent Files",
        "NoRecentFiles": "(No recent files)",
        "ClearRecentFiles": "Clear Recent Files",
        "View": "View",
        "FindAndReplace": "Find and Replace",
        "HideQuoteMarks": "Hide quote marks",
        "ShowQuoteMarks": "Show quote marks",
        "ResizeColumns": "Resize columns",
        "ColumnHeaderStyle": "Column header style",
        "ColorCustomization": "Customize Style",
        "ColumnNumber": "Column number",
        "ExcelStyle": "Excel style",
        "CsvHeader": "CSV header",
        "Customize": "Customize header",
        "Option": "Option",
        "Encoding": "Encoding",
        "Delimiter": "Delimiter",
        "Language": "Language",
        "Tools": "Tools",
        "MergeFiles": "Merge files",
        "OpenWithEncrypt": "Open encrypted file",
        "SaveWithEncrypt": "Save encrypted file",
        "Help": "Help",
        "CheckForUpdates": "Check for Updates",
        "About": "About CSV Editor"
    },
    "ErrorPanel": {
        "Title": "Errors",
        "NoErrors": "No errors found",
        "Row": "Row",
        "Column": "Column",
        "Description": "Description",
        "RowHidden": "This row is currently hidden or filtered.\nPlease unhide the row to navigate to it.",
        "Errors": "Errors",
        "Warnings": "Warnings",
        "Messages": "Messages"
    },
    "Button": {
        "Undo": "Undo",
        "Redo": "Redo",
        "ZoomIn": "Zoom in",
        "ZoomOut": "Zoom out",
        "ZoomSize": "Zoom size",
        "QuoteMarksAdd": "Add quote marks",
        "QuoteMarksRemove": "Remove quote marks",
        "Highlight": "Highlight",
        "HighlightRemove": "Remove highlight",
        "HighlightClear": "Clear all highlights",
        "AlignLeft": "Align Left",
        "AlignCenter": "Align Center",
        "AlignRight": "Align Right",
        "Confirm": "Confirm",
        "Cancel": "Cancel",
        "OK": "OK",
        "Add": "Add...",
        "Remove": "Remove",
        "Download": "Download",
        "DownloadNow": "Download Now",
        "Skip": "Skip",
        "Apply": "Apply",
        "Reset": "Reset to Default",
        "Edit": "Edit",
        "QuickApply": "Quick apply",
        "QuickConfig": "Quick Config",
        "ErrorPanelTooltip": "Toggle Error Panel"
    },
    "Common": {
        "Name": "Name",
        "Height": "Height",
        "Count": "Count"
    },
    "CustomizeHeader": {
        "Title": "Header Configuration",
        "NewColumn": "New Column",
        "NewHeader": "New Header",
        "InfoText": "* Check one header to set as active. Click \"Edit\" to configure columns.",
        "HeaderText": {
            "DisplayName": "Header Text",
            "Description": "Represents the content displayed as the column name."
        },
        "SubText": {
            "DisplayName": "Sub Text",
            "Description": "Represents the subtitle text of the column.\nThis text is displayed above the main header."
        },
        "ToolTipText": {
            "DisplayName": "Tooltip",
            "Description": "Represents the tooltip content of the column.\nDisplayed when the user hovers over the column header."
        },
        "Background": {
            "DisplayName": "Background Color",
            "Description": "The background color used for the column header."
        },
        "Foreground": {
            "DisplayName": "Text Color",
            "Description": "The text color used for the column header."
        },
        "TextStyle": {
            "DisplayName": "Drawing Style",
            "Description": "Specifies the visual style of the column header."
        },
        "RotationPercent": {
            "DisplayName": "Rotation Angle",
            "Description": "Specifies the rotation angle of the main header text.\nValid range is from 0 to 360 degrees."
        }
    },
    "QuickApplyStyle": {
        "Title": "Quick Apply Style",
        "NoSelection": "Please select at least one option to apply.",
        "NoColumns": "No columns to apply style. Please add columns first."
    },
    "QuickHeaderConfig": {
        "Title": "Quick Header Configuration",
        "DataLabel": "Paste header data (e.g., \"Column1\",\"Column2\",\"Column3\"):",
        "DelimiterLabel": "Select delimiter:",
        "NoColumns": "No columns detected. Please check your data and delimiter."
    },
    "CustomizeStyle": {
        "Title": "Customize Style",
        "Colors": "Colors",
        "Headers": "Headers",
        "CellStyle": "Cell Style",
        "Selection": "Selection",
        "FindMatch": "Find Match",
        "Highlight": "Highlight",
        "EmptyCell": "Empty Cell",
        "FrozenCell": "Frozen Cell",
        "HeaderHover": "Header Hover",
        "Background": "Back",
        "Foreground": "Fore"
    },
    "CellStyle": {
        "UseCellStyle": "Use Cell Style",
        "LeadingZeroAsText": "Handle leading \"0\" as Text (e.g. \"0123\" is Text, \"1234\" is Number)",
        "Type": "Type",
        "Color": "Color",
        "Alignment": "Alignment",
        "Number": "Number",
        "Text": "Text",
        "Date": "Date/DateTime",
        "AutoWrapValue": "Auto wrap datetime and delimiter data in double quotes.",
        "UseDataValidation": "Enable data validation mode during the value change."
    },
    "Delimiter": {
        "Comma": "Comma (,)",
        "Semicolon": "Semicolon (;)",
        "Pipe": "Pipe (|)",
        "Space": "Space ( )",
        "Colon": "Colon (:)",
        "Tab": "Tab (\\t)"
    },
    "EmptyState": {
        "Title": "Drag and drop CSV file here",
        "Subtitle": "or use File → Open menu to select a file",
        "Formats": "Supported:"
    },
    "InputBox": {
        "NewCSVTitle": "New CSV",
        "EnterRows": "Enter number of rows:",
        "EnterColumns": "Enter number of columns:",
        "InsertRowTitle": "Insert New Row",
        "InsertRowAboveTitle": "Insert Row Above",
        "InsertColumnTitle": "Insert New Column",
        "InsertColumnBeforeTitle": "Insert Column Before",
        "UrlTitle": "Open CSV from URL",
        "EnterUrl": "Enter URL (HTTP/HTTPS):",
        "EnterHeaderName": "Enter Header Name",
        "HeaderName": "Name:",
        "EnterHeaderHeight": "Enter Header Height",
        "HeaderHeight": "Height (px):",
        "GoToRowTitle": "Go To Row",
        "EnterRowIndex": "Enter row number:",
        "GoToColumnTitle": "Go To Column",
        "EnterColumnIndexOrHeader": "Enter column number or header text:"
    },
    "EditTextBox": {
        "WrapText": "Wrap text",
        "EditValueTitle": "Edit Value"
    },
    "FindAndReplace": {
        "FindWhat": "Find what:",
        "ReplaceWith": "Replace with:",
        "Mode": {
            "Title": "Search mode",
            "Accurate": "Exact match",
            "Contains": "Contains",
            "StartsWith": "Starts with",
            "EndsWith": "Ends with"
        },
        "FindOnlyColumn": "Find in current column only",
        "FindPrevious": "<< Find Previous",
        "FindNext": "Find Next >>",
        "Replace": "Replace",
        "ReplaceAll": "Replace All",
        "EnterValue": "Enter value to search!",
        "ClickToSearch": "Click to search!",
        "NotFound": "Not found: \"{0}\"",
        "Count": "Count: {0}/{1}"
    },
    "Filter": {
        "Search": "Search...",
        "SelectAll": "(Select All)",
        "Blanks": "(Blanks)",
        "Apply": "Apply",
        "Cancel": "Cancel",
        "SortNameAsc": "Name ↑",
        "SortNameDesc": "Name ↓",
        "SortCountAsc": "Count ↑",
        "SortCountDesc": "Count ↓"
    },
    "ContextMenu": {
        "EditCell": "Edit Cell",
        "DeleteCells": "Delete selected cells",
        "InsertRowAbove": "Insert Row Above",
        "InsertRowsAbove": "Insert Rows Above",
        "InsertRow": "Insert Row",
        "InsertRows": "Insert Rows",
        "FreezeRow": "Freeze Row",
        "UnfreezeRow": "Unfreeze Row",
        "HideSelectedRows": "Hide Selected Rows",
        "UnhideSelectedRows": "Unhide Selected Rows",
        "UnhideAllRows": "Unhide All Rows",
        "DeleteSelectedRows": "Delete Selected Rows",
        "FilterColumn": "Filter",
        "SortColumn": "Sort",
        "SortAscending": "Ascending (A → Z)",
        "SortDescending": "Descending (Z → A)",
        "SortNatural": "Natural (1, 2, 10)",
        "SortShuffle": "Shuffle",
        "InsertColumnBefore": "Insert Column Before",
        "InsertColumnsBefore": "Insert Columns Before",
        "InsertColumn": "Insert Column",
        "InsertColumns": "Insert Columns",
        "FreezeColumn": "Freeze Column",
        "UnfreezeColumn": "Unfreeze Column",
        "HideSelectedColumns": "Hide Selected Columns",
        "UnhideSelectedColumns": "Unhide Selected Columns",
        "UnhideAllColumns": "Unhide All Columns",
        "DeleteSelectedColumns": "Delete Selected Columns",
        "FixAllItem": "Apply All Suggested Fixes",
        "AddQuotesItem": "Enclose value in double quotes",
        "RemoveSpacesItem": "Remove Trailing/Leading Spaces",
        "EscapeCharsItem": "Remove Special Characters",
        "IgnoreErrorItem": "Ignore This Error",
        "IgnoreAllSimilarItem": "Ignore All Similar Errors",
        "IgnoreTheseErrors": "Ignore These {0} Errors",
        "IgnoreAllErrorType": "Ignore All '{0}' Errors",
        "AddedQuotes": "Added quotes around value",
        "RemovedSpaces": "Removed trailing/leading spaces",
        "RemovedSpecialChars": "Removed special characters",
        "AppliedAllFixes": "Applied all suggested fixes"
    },
    "Message": {
        "Error": "Error",
        "ErrorTitle": "Error",
        "Notification": "Notification",
        "InitializingGrid": "Initializing data grid...",
        "Processing": "Processing...",
        "FrozenRowWarning": "The selected row is frozen.\r\nCannot perform this operation!",
        "FrozenColumnWarning": "The selected column is frozen.\r\nCannot perform this operation!",
        "ConfirmSave": "Are you sure you want to save the file",
        "SaveTitle": "Save",
        "SavedTitle": "Saved",
        "SavedAt": "File saved at: {0}",
        "ReadError": "Failed to read file:\n{0}",
        "SaveError": "Failed to save file:\n{0}",
        "MergeError": "Error merging file: {0}",
        "ConfirmSaveEncrypted": "Are you sure?",
        "SaveEncryptedTitle": "Save Encrypted File",
        "ResizingColumns": "Resizing columns...",
        "ReplaceAllConfirm": "Replace {0} cells with \"{1}\"?\r\n Are you sure?",
        "ReplaceAllTitle": "Replace All",
        "UnsavedChanges": "Do you want to save?",
        "UnsavedChangesTitle": "Unsaved Changes",
        "CannotOpenFile": "Cannot open file: {0}\n{1}",
        "CannotHideAllColumns": "Cannot hide all columns",
        "CannotDeleteAllColumns": "Cannot delete all columns",
        "CannotUpdateHeader": "Cannot update header row!\r\nPlease change the display mode and try again.",
        "ErrorExecuting": "Error executing",
        "ErrorUndoing": "Error undoing",
        "ErrorRedoing": "Error redoing",
        "FileNotFound": "File not found: {0}",
        "InvalidUrl": "Please enter a valid HTTP or HTTPS URL",
        "UrlDownloadError": "Failed to download file from URL:\n{0}",
        "UrlLoadError": "Failed to load CSV from URL:\n{0}",
        "ConfigureColumns": "Configure Columns for: {0}",
        "ConfirmDeleteHeader": "Are you sure you want to delete this header configuration?",
        "ConfirmDeleteTitle": "Confirm Delete",
        "RowNotVisible": "The specified row is not visible. It may be hidden or filtered.",
        "ColumnNotVisible": "The specified column is not visible. It may be hidden.",
        "ColumnNotFound": "Column with the specified header text was not found.",
        "InvalidColumnIndex": "Invalid column number. Please enter a number between 1 and {0}.",
        "FileChangedExternally": "The file \"{0}\" has been modified by another application.\\nDo you want to reload the file?",
        "FileChangedTitle": "File Changed",
        "CellErrorCritical": "There are critical errors. This may affect the CSV structure!\r\nAre you sure you want to save?",
        "CellErrorCriticalTitle": "Critical Error Warning",
        "CellErrorWarning": "There are some data issues. This may affect how some CSV readers process the file.\r\nDo you want to save?",
        "CellErrorWarningTitle": "Data Warning"
    },
    "Validation": {
        "Name": "Data validation",
        "HeaderText": "{0} validation issues",
        "UnquotedNewline": {
            "Message": "Cell contains newline character without quotes",
            "SuggestedFix": "Enclose the entire cell value in double quotes"
        },
        "UnquotedDelimiter": {
            "Message": "Cell contains delimiter '{0}' without quotes",
            "SuggestedFix": "Enclose the entire cell value in double quotes"
        },
        "UnbalancedQuotes": {
            "Message": "Cell has unbalanced quote marks",
            "SuggestedFix": "Ensure quotes are properly paired and escaped"
        },
        "UnquotedDate": {
            "Message": "Date value should be enclosed in quotes",
            "SuggestedFix": "Add double quotes around the date value"
        },
        "LeadingZeros": {
            "Message": "Numeric value has leading zeros",
            "SuggestedFix": "Enclose in quotes to preserve leading zeros"
        },
        "TrailingSpaces": {
            "Message": "Cell has trailing/leading spaces",
            "MessageLeading": "Cell has leading spaces",
            "MessageTrailing": "Cell has trailing spaces",
            "MessageBoth": "Cell has leading and trailing spaces",
            "SuggestedFix": "Remove unnecessary whitespace"
        },
        "EmptyQuotedString": {
            "Message": "Empty value is quoted",
            "SuggestedFix": "Consider using unquoted empty value"
        },
        "SpecialCharacters": {
            "Message": "Cell contains special or control characters",
            "SuggestedFix": "Verify character encoding or escape special characters"
        }
    },
    "Language": {
        "Vietnamese": "Tiếng Việt",
        "English": "English",
        "Japanese": "日本語"
    },
    "StatusBar": {
        "ColsRows": "Cols: {0}  Rows: {1}",
        "RowsDisplayed": "Showing: {0} / {1} rows",
        "Characters": "characters",
        "Sum": "Sum"
    },
    "Update": {
        "Title": "Update Available",
        "Message": "A new version of CSV Editor is available!",
        "MandatoryMessage": "This is a mandatory update. Please download and install the latest version.",
        "CurrentVersion": "Current version: {0}",
        "NewVersion": "New version: {0}",
        "WhatsNew": "What's new:",
        "NoChangelog": "No release notes available.",
        "SkipVersion": "Skip notification for this version",
        "UpToDate": "You are using the latest version!",
        "CheckFailed": "Failed to check for updates. Please try again later.",
        "Downloading": "Downloading Update",
        "PreparingDownload": "Preparing download...",
        "DownloadCompleted": "Download completed successfully!",
        "DownloadCancelled": "Download cancelled.",
        "DownloadFailed": "Download failed.",
        "DownloadError": "Failed to download update:\n{0}",
        "Cancelling": "Cancelling download...",
        "InstallNow": "The update has been downloaded. Would you like to install it now?",
        "InstallTitle": "Install Update",
        "SaveUpdateTitle": "Save Update File",
        "DownloadSuccessPortable": "Update file downloaded successfully to:\n{0}"
    }
}
