{
    "App": {
        "Name": "CSV Editor",
        "NewFile": "(新規ファイル)"
    },
    "Menu": {
        "File": "ファイル",
        "Open": "開く",
        "OpenFromUrl": "URLから開く",
        "New": "新規作成",
        "Save": "保存",
        "SaveAs": "名前を付けて保存...",
        "ExportToExcel": "Excelにエクスポート",
        "Close": "ファイルを閉じる",
        "View": "表示",
        "FindAndReplace": "検索と置換",
        "HideQuoteMarks": "引用符を非表示",
        "ShowQuoteMarks": "引用符を表示",
        "ResizeColumns": "列幅を調整",
        "ColumnHeaderStyle": "列ヘッダースタイル",
        "ColorCustomization": "スタイルをカスタマイズ",
        "ColumnNumber": "列番号",
        "ExcelStyle": "Excelスタイル",
        "CsvHeader": "CSVヘッダー",
        "Option": "オプション",
        "Encoding": "エンコーディング",
        "Delimiter": "区切り文字",
        "Language": "言語",
        "Tools": "ツール",
        "MergeFiles": "ファイルを結合",
        "OpenWithEncrypt": "暗号化ファイルを開く",
        "SaveWithEncrypt": "暗号化ファイルを保存",
        "Help": "ヘルプ",
        "CheckForUpdates": "更新を確認",
        "About": "CSV Editorについて"
    },
    "Button": {
        "Undo": "元に戻す",
        "Redo": "やり直す",
        "ZoomIn": "拡大",
        "ZoomOut": "縮小",
        "ZoomSize": "ズームサイズ",
        "QuoteMarksAdd": "引用符を追加",
        "QuoteMarksRemove": "引用符を削除",
        "Highlight": "ハイライト",
        "HighlightRemove": "ハイライトを削除",
        "HighlightClear": "すべてのハイライトをクリア",
        "Confirm": "確認",
        "Cancel": "キャンセル",
        "OK": "OK",
        "Download": "ダウンロード",
        "DownloadNow": "今すぐダウンロード",
        "Skip": "スキップ",
        "Apply": "適用",
        "Reset": "デフォルトに戻す"
    },
    "CustomizeStyle": {
        "Title": "スタイルをカスタマイズ",
        "Colors": "色",
        "Selection": "選択",
        "FindMatch": "検索結果",
        "Highlight": "ハイライト",
        "EmptyCell": "空のセル",
        "FrozenCell": "固定セル",
        "HeaderHover": "ヘッダーホバー",
        "Background": "背景",
        "Foreground": "前景"
    },
    "Delimiter": {
        "Comma": "カンマ (,)",
        "Semicolon": "セミコロン (;)",
        "Pipe": "パイプ (|)",
        "Space": "スペース ( )",
        "Colon": "コロン (:)",
        "Tab": "タブ (\\t)"
    },
    "EmptyState": {
        "Title": "CSVファイルをここにドラッグ＆ドロップ",
        "Subtitle": "またはファイル→開くメニューからファイルを選択",
        "Formats": "対応形式："
    },
    "InputBox": {
        "NewCSVTitle": "新規CSV",
        "EnterRows": "行数を入力：",
        "EnterColumns": "列数を入力：",
        "InsertRowTitle": "新しい行を挿入",
        "InsertRowAboveTitle": "上に行を挿入",
        "InsertColumnTitle": "新しい列を挿入",
        "InsertColumnBeforeTitle": "前に列を挿入",
        "UrlTitle": "URLからCSVを開く",
        "EnterUrl": "URLを入力 (HTTP/HTTPS)："
    },
    "EditTextBox": {
        "WrapText": "テキストを折り返す",
        "EditValueTitle": "値を編集"
    },
    "FindAndReplace": {
        "FindWhat": "検索する文字列：",
        "ReplaceWith": "置換後の文字列：",
        "Mode": {
            "Title": "検索モード",
            "Accurate": "完全一致",
            "Contains": "部分一致",
            "StartsWith": "前方一致",
            "EndsWith": "後方一致"
        },
        "FindOnlyColumn": "現在の列のみ検索",
        "FindPrevious": "<< 前を検索",
        "FindNext": "次を検索 >>",
        "Replace": "置換",
        "ReplaceAll": "すべて置換",
        "EnterValue": "検索する値を入力してください！",
        "ClickToSearch": "検索するにはクリックしてください！",
        "NotFound": "見つかりません：\"{0}\"",
        "Count": "件数：{0}/{1}"
    },
    "Filter": {
        "Search": "検索...",
        "SelectAll": "(すべて選択)",
        "Blanks": "(空白)",
        "Apply": "適用",
        "Cancel": "キャンセル",
        "SortNameAsc": "名前 ↑",
        "SortNameDesc": "名前 ↓",
        "SortCountAsc": "数 ↑",
        "SortCountDesc": "数 ↓"
    },
    "ContextMenu": {
        "EditCell": "セルを編集",
        "DeleteCells": "選択したセルを削除",
        "InsertRowAbove": "上に行を挿入",
        "InsertRowsAbove": "上に複数行を挿入",
        "InsertRow": "行を挿入",
        "InsertRows": "複数行を挿入",
        "FreezeRow": "行を固定",
        "UnfreezeRow": "行固定を解除",
        "HideSelectedRows": "選択した行を非表示",
        "UnhideSelectedRows": "選択した行を表示",
        "UnhideAllRows": "すべての行を表示",
        "DeleteSelectedRows": "選択した行を削除",
        "FilterColumn": "フィルタ",
        "InsertColumnBefore": "前に列を挿入",
        "InsertColumnsBefore": "前に複数列を挿入",
        "InsertColumn": "列を挿入",
        "InsertColumns": "複数列を挿入",
        "FreezeColumn": "列を固定",
        "UnfreezeColumn": "列固定を解除",
        "HideSelectedColumns": "選択した列を非表示",
        "UnhideSelectedColumns": "選択した列を表示",
        "UnhideAllColumns": "すべての列を表示",
        "DeleteSelectedColumns": "選択した列を削除"
    },
    "Message": {
        "Error": "エラー",
        "ErrorTitle": "エラー",
        "Notification": "通知",
        "InitializingGrid": "データグリッドを初期化中...",
        "Processing": "処理中...",
        "FrozenRowWarning": "選択した行は固定されています。\r\nこの操作を実行できません！",
        "FrozenColumnWarning": "選択した列は固定されています。\r\nこの操作を実行できません！",
        "ConfirmSave": "ファイルを保存してもよろしいですか",
        "SaveTitle": "保存",
        "SavedTitle": "保存完了",
        "SavedAt": "ファイルを保存しました：{0}",
        "ReadError": "ファイルの読み込みに失敗しました：\n{0}",
        "SaveError": "ファイルの保存に失敗しました：\n{0}",
        "MergeError": "ファイルの結合エラー：{0}",
        "ConfirmSaveEncrypted": "よろしいですか？",
        "SaveEncryptedTitle": "暗号化ファイルを保存",
        "ResizingColumns": "列幅を調整中...",
        "ReplaceAllConfirm": "{0}個のセルを\"{1}\"に置換しますか？\r\n よろしいですか？",
        "ReplaceAllTitle": "すべて置換",
        "UnsavedChanges": "保存しますか？",
        "UnsavedChangesTitle": "未保存の変更",
        "CannotOpenFile": "ファイルを開けません：{0}\n{1}",
        "CannotHideAllColumns": "すべての列を非表示にできません",
        "CannotDeleteAllColumns": "すべての列を削除できません",
        "CannotUpdateHeader": "ヘッダー行を更新できません！\r\n表示モードを変更して再試行してください。",
        "ErrorExecuting": "実行エラー",
        "ErrorUndoing": "元に戻すエラー",
        "ErrorRedoing": "やり直しエラー",
        "InvalidUrl": "有効なHTTPまたはHTTPS URLを入力してください",
        "UrlDownloadError": "URLからファイルをダウンロードできませんでした：\n{0}",
        "UrlLoadError": "URLからCSVを読み込めませんでした：\n{0}"
    },
    "Language": {
        "Vietnamese": "Tiếng Việt",
        "English": "English",
        "Japanese": "日本語"
    },
    "StatusBar": {
        "Cols": "総列数",
        "Rows": "総行数"
    },
    "Update": {
        "Title": "アップデート可能",
        "Message": "CSV Editorの新しいバージョンが利用可能です！",
        "MandatoryMessage": "これは必須アップデートです。最新バージョンをダウンロードしてインストールしてください。",
        "CurrentVersion": "現在のバージョン：{0}",
        "NewVersion": "新しいバージョン：{0}",
        "WhatsNew": "新機能：",
        "NoChangelog": "リリースノートはありません。",
        "UpToDate": "最新バージョンを使用しています！",
        "CheckFailed": "更新の確認に失敗しました。後でもう一度お試しください。",
        "Downloading": "ダウンロード中",
        "PreparingDownload": "ダウンロードを準備中...",
        "DownloadCompleted": "ダウンロード完了！",
        "DownloadCancelled": "ダウンロードをキャンセルしました。",
        "DownloadFailed": "ダウンロードに失敗しました。",
        "DownloadError": "更新をダウンロードできませんでした：\n{0}",
        "Cancelling": "ダウンロードをキャンセル中...",
        "InstallNow": "更新がダウンロードされました。今すぐインストールしますか？",
        "InstallTitle": "更新をインストール",
        "SaveUpdateTitle": "更新ファイルを保存",
        "DownloadSuccessPortable": "更新ファイルが正常にダウンロードされました：\n{0}"
    }
}
