{
    "App": {
        "Name": "CSV Editor",
        "NewFile": "(新規ファイル)"
    },
    "Menu": {
        "File": "ファイル",
        "Open": "開く",
        "OpenFromUrl": "URLから開く",
        "New": "新規作成",
        "Save": "保存",
        "SaveAs": "名前を付けて保存...",
        "ExportToExcel": "Excelにエクスポート",
        "Close": "ファイルを閉じる",
        "View": "表示",
        "FindAndReplace": "検索と置換",
        "HideQuoteMarks": "引用符を非表示",
        "ShowQuoteMarks": "引用符を表示",
        "ResizeColumns": "列幅を調整",
        "ColumnHeaderStyle": "列ヘッダースタイル",
        "ColorCustomization": "スタイルをカスタマイズ",
        "ColumnNumber": "列番号",
        "ExcelStyle": "Excelスタイル",
        "CsvHeader": "CSVヘッダー",
        "Customize": "カスタムヘッダー",
        "Option": "オプション",
        "Encoding": "エンコーディング",
        "Delimiter": "区切り文字",
        "Language": "言語",
        "Tools": "ツール",
        "MergeFiles": "ファイルを結合",
        "OpenWithEncrypt": "暗号化ファイルを開く",
        "SaveWithEncrypt": "暗号化ファイルを保存",
        "Help": "ヘルプ",
        "CheckForUpdates": "更新を確認",
        "About": "CSV Editorについて"
    },
    "Button": {
        "Undo": "元に戻す",
        "Redo": "やり直す",
        "ZoomIn": "拡大",
        "ZoomOut": "縮小",
        "ZoomSize": "ズームサイズ",
        "QuoteMarksAdd": "引用符を追加",
        "QuoteMarksRemove": "引用符を削除",
        "Highlight": "ハイライト",
        "HighlightRemove": "ハイライトを削除",
        "HighlightClear": "すべてのハイライトをクリア",
        "AlignLeft": "左揃え",
        "AlignCenter": "中央揃え",
        "AlignRight": "右揃え",
        "Confirm": "確認",
        "Cancel": "キャンセル",
        "OK": "OK",
        "Add": "追加",
        "Remove": "削除",
        "Download": "ダウンロード",
        "DownloadNow": "今すぐダウンロード",
        "Skip": "スキップ",
        "Apply": "適用",
        "Reset": "デフォルトに戻す",
        "Edit": "編集",
        "QuickApply": "クイック適用",
        "QuickConfig": "クイック設定"
    },
    "Common": {
        "Name": "名前",
        "Height": "高さ",
        "Count": "数"
    },
    "CustomizeHeader": {
        "Title": "ヘッダー設定",
        "NewColumn": "新しい列",
        "NewHeader": "新しいヘッダー",
        "InfoText": "* アクティブに設定するヘッダーを1つ選択してください。列を構成するには「編集」をクリックしてください。",
        "HeaderText": {
            "DisplayName": "ヘッダーテキスト",
            "Description": "列名として表示される内容を表します。"
        },
        "SubText": {
            "DisplayName": "サブテキスト",
            "Description": "列のサブタイトルとなる内容を表します。\nこのテキストはメインヘッダーの上に表示されます。"
        },
        "ToolTipText": {
            "DisplayName": "ツールチップ",
            "Description": "列のツールチップ内容を表します。\n列ヘッダーにカーソルを合わせた際に表示されます。"
        },
        "Background": {
            "DisplayName": "背景色",
            "Description": "列ヘッダーに使用される背景色を表します。"
        },
        "Foreground": {
            "DisplayName": "文字色",
            "Description": "列ヘッダーに使用される文字色を表します。"
        },
        "TextStyle": {
            "DisplayName": "描画スタイル",
            "Description": "列ヘッダーの描画スタイルを設定します。"
        },
        "RotationPercent": {
            "DisplayName": "回転角度",
            "Description": "メインヘッダーの回転角度を設定します。\n設定可能な範囲は 0～360 度です。"
        }
    },
    "QuickApplyStyle": {
        "Title": "スタイルを一括適用",
        "NoSelection": "適用するオプションを少なくとも1つ選択してください。",
        "NoColumns": "適用する列がありません。先に列を追加してください。"
    },
    "QuickHeaderConfig": {
        "Title": "ヘッダークイック設定",
        "DataLabel": "ヘッダーデータを貼り付け（例：\"列1\",\"列2\",\"列3\"）：",
        "DelimiterLabel": "区切り文字を選択：",
        "NoColumns": "列が検出されませんでした。データと区切り文字を確認してください。"
    },
    "CustomizeStyle": {
        "Title": "スタイルをカスタマイズ",
        "Colors": "色",
        "Headers": "ヘッダー",
        "CellStyle": "セルスタイル",
        "Selection": "選択",
        "FindMatch": "検索結果",
        "Highlight": "ハイライト",
        "EmptyCell": "空のセル",
        "FrozenCell": "固定セル",
        "HeaderHover": "ヘッダーホバー",
        "Background": "背景",
        "Foreground": "前景"
    },
    "CellStyle": {
        "UseCellStyle": "セルスタイルを使用",
        "LeadingZeroAsText": "先頭の「0」をテキストとして扱う（例：「0123」はテキスト、「1234」は数値）",
        "Type": "種類",
        "Color": "色",
        "Alignment": "配置",
        "Number": "数値",
        "Text": "テキスト",
        "Date": "日付/日時",
        "AutoWrapValue": "日付・区切り文字を含む値に引用符を自動付加する",
        "UseDataValidation": "値の変更時にデータ整合性チェックを実行する"
    },
    "Delimiter": {
        "Comma": "カンマ (,)",
        "Semicolon": "セミコロン (;)",
        "Pipe": "パイプ (|)",
        "Space": "スペース ( )",
        "Colon": "コロン (:)",
        "Tab": "タブ (\\t)"
    },
    "EmptyState": {
        "Title": "CSVファイルをここにドラッグ＆ドロップ",
        "Subtitle": "またはファイル→開くメニューからファイルを選択",
        "Formats": "対応形式："
    },
    "InputBox": {
        "NewCSVTitle": "新規CSV",
        "EnterRows": "行数を入力：",
        "EnterColumns": "列数を入力：",
        "InsertRowTitle": "新しい行を挿入",
        "InsertRowAboveTitle": "上に行を挿入",
        "InsertColumnTitle": "新しい列を挿入",
        "InsertColumnBeforeTitle": "前に列を挿入",
        "UrlTitle": "URLからCSVを開く",
        "EnterUrl": "URLを入力 (HTTP/HTTPS)：",
        "EnterHeaderName": "ヘッダー名を入力",
        "HeaderName": "名前：",
        "EnterHeaderHeight": "ヘッダーの高さを入力",
        "HeaderHeight": "高さ (px)：",
        "GoToRowTitle": "行に移動",
        "EnterRowIndex": "行番号を入力："
    },
    "EditTextBox": {
        "WrapText": "テキストを折り返す",
        "EditValueTitle": "値を編集"
    },
    "FindAndReplace": {
        "FindWhat": "検索する文字列：",
        "ReplaceWith": "置換後の文字列：",
        "Mode": {
            "Title": "検索モード",
            "Accurate": "完全一致",
            "Contains": "部分一致",
            "StartsWith": "前方一致",
            "EndsWith": "後方一致"
        },
        "FindOnlyColumn": "現在の列のみ検索",
        "FindPrevious": "<< 前を検索",
        "FindNext": "次を検索 >>",
        "Replace": "置換",
        "ReplaceAll": "すべて置換",
        "EnterValue": "検索する値を入力してください！",
        "ClickToSearch": "検索するにはクリックしてください！",
        "NotFound": "見つかりません：\"{0}\"",
        "Count": "件数：{0}/{1}"
    },
    "Filter": {
        "Search": "検索...",
        "SelectAll": "(すべて選択)",
        "Blanks": "(空白)",
        "Apply": "適用",
        "Cancel": "キャンセル",
        "SortNameAsc": "名前 ↑",
        "SortNameDesc": "名前 ↓",
        "SortCountAsc": "数 ↑",
        "SortCountDesc": "数 ↓"
    },
    "ContextMenu": {
        "EditCell": "セルを編集",
        "DeleteCells": "選択したセルを削除",
        "InsertRowAbove": "上に行を挿入",
        "InsertRowsAbove": "上に複数行を挿入",
        "InsertRow": "行を挿入",
        "InsertRows": "複数行を挿入",
        "FreezeRow": "行を固定",
        "UnfreezeRow": "行固定を解除",
        "HideSelectedRows": "選択した行を非表示",
        "UnhideSelectedRows": "選択した行を表示",
        "UnhideAllRows": "すべての行を表示",
        "DeleteSelectedRows": "選択した行を削除",
        "FilterColumn": "フィルタ",
        "SortColumn": "並べ替え",
        "SortAscending": "昇順 (A → Z)",
        "SortDescending": "降順 (Z → A)",
        "SortNatural": "自然順 (1, 2, 10)",
        "SortShuffle": "シャッフル",
        "InsertColumnBefore": "前に列を挿入",
        "InsertColumnsBefore": "前に複数列を挿入",
        "InsertColumn": "列を挿入",
        "InsertColumns": "複数列を挿入",
        "FreezeColumn": "列を固定",
        "UnfreezeColumn": "列固定を解除",
        "HideSelectedColumns": "選択した列を非表示",
        "UnhideSelectedColumns": "選択した列を表示",
        "UnhideAllColumns": "すべての列を表示",
        "DeleteSelectedColumns": "選択した列を削除",
        "FixAllItem": "すべての修正案を適用",
        "AddQuotesItem": "値を引用符で囲む",
        "RemoveSpacesItem": "先頭/末尾の空白を削除",
        "EscapeCharsItem": "特殊文字を削除",
        "IgnoreErrorItem": "このエラーを無視",
        "IgnoreAllSimilarItem": "すべての類似エラーを無視",
        "IgnoreTheseErrors": "これらの{0}個のエラーを無視",
        "IgnoreAllErrorType": "すべての'{0}'エラーを無視",
        "AddedQuotes": "値を引用符で囲みました",
        "RemovedSpaces": "先頭/末尾の空白を削除しました",
        "RemovedSpecialChars": "特殊文字を削除しました",
        "AppliedAllFixes": "すべての修正案を適用しました"
    },
    "Message": {
        "Error": "エラー",
        "ErrorTitle": "エラー",
        "Notification": "通知",
        "InitializingGrid": "データグリッドを初期化中...",
        "Processing": "処理中...",
        "FrozenRowWarning": "選択した行は固定されています。\r\nこの操作を実行できません！",
        "FrozenColumnWarning": "選択した列は固定されています。\r\nこの操作を実行できません！",
        "ConfirmSave": "ファイルを保存してもよろしいですか",
        "SaveTitle": "保存",
        "SavedTitle": "保存完了",
        "SavedAt": "ファイルを保存しました：{0}",
        "ReadError": "ファイルの読み込みに失敗しました：\n{0}",
        "SaveError": "ファイルの保存に失敗しました：\n{0}",
        "MergeError": "ファイルの結合エラー：{0}",
        "ConfirmSaveEncrypted": "よろしいですか？",
        "SaveEncryptedTitle": "暗号化ファイルを保存",
        "ResizingColumns": "列幅を調整中...",
        "ReplaceAllConfirm": "{0}個のセルを\"{1}\"に置換しますか？\r\n よろしいですか？",
        "ReplaceAllTitle": "すべて置換",
        "UnsavedChanges": "保存しますか？",
        "UnsavedChangesTitle": "未保存の変更",
        "CannotOpenFile": "ファイルを開けません：{0}\n{1}",
        "CannotHideAllColumns": "すべての列を非表示にできません",
        "CannotDeleteAllColumns": "すべての列を削除できません",
        "CannotUpdateHeader": "ヘッダー行を更新できません！\r\n表示モードを変更して再試行してください。",
        "ErrorExecuting": "実行エラー",
        "ErrorUndoing": "元に戻すエラー",
        "ErrorRedoing": "やり直しエラー",
        "InvalidUrl": "有効なHTTPまたはHTTPS URLを入力してください",
        "UrlDownloadError": "URLからファイルをダウンロードできませんでした：\n{0}",
        "UrlLoadError": "URLからCSVを読み込めませんでした：\n{0}",
        "ConfigureColumns": "列の設定：{0}",
        "ConfirmDeleteHeader": "このヘッダー設定を削除してもよろしいですか？",
        "ConfirmDeleteTitle": "削除の確認",
        "RowNotVisible": "指定した行は表示されていません。非表示またはフィルタリングされている可能性があります。",
        "FileChangedExternally": "ファイル「{0}」が別のアプリケーションによって変更されました。\r\nファイルを再読み込みしますか？",
        "FileChangedTitle": "ファイルが変更されました",
        "CellErrorCritical": "重大なエラーがあります。CSVの構造に影響する可能性があります！\r\n本当に保存しますか？",
        "CellErrorCriticalTitle": "重大なエラー警告",
        "CellErrorWarning": "いくつかのデータ問題があります。一部のCSVリーダーの処理に影響する可能性があります。\r\n保存しますか？",
        "CellErrorWarningTitle": "データ警告"
    },
    "Validation": {
        "Name": "入力規則",
        "HeaderText": "{0} 件の問題が見つかりました",
        "UnquotedNewline": {
            "Message": "セルに引用符なしで改行文字が含まれています",
            "SuggestedFix": "セル値全体を二重引用符で囲んでください"
        },
        "UnquotedDelimiter": {
            "Message": "セルに引用符なしで区切り文字'{0}'が含まれています",
            "SuggestedFix": "セル値全体を二重引用符で囲んでください"
        },
        "UnbalancedQuotes": {
            "Message": "セルに引用符の対応が取れていません",
            "SuggestedFix": "引用符が正しくペアになっており、エスケープされていることを確認してください"
        },
        "UnquotedDate": {
            "Message": "日付値は引用符で囲む必要があります",
            "SuggestedFix": "日付値を二重引用符で囲んでください"
        },
        "LeadingZeros": {
            "Message": "数値の先頭にゼロが含まれています",
            "SuggestedFix": "先頭のゼロを保持するために引用符で囲んでください"
        },
        "TrailingSpaces": {
            "Message": "セルに先頭/末尾の空白があります",
            "MessageLeading": "セルに先頭の空白があります",
            "MessageTrailing": "セルに末尾の空白があります",
            "MessageBoth": "セルに先頭と末尾の空白があります",
            "SuggestedFix": "不要な空白を削除してください"
        },
        "EmptyQuotedString": {
            "Message": "空の値が引用符で囲まれています",
            "SuggestedFix": "引用符なしの空の値を使用することを検討してください"
        },
        "SpecialCharacters": {
            "Message": "セルに特殊文字または制御文字が含まれています",
            "SuggestedFix": "文字エンコーディングを確認するか、特殊文字をエスケープしてください"
        }
    },
    "Language": {
        "Vietnamese": "Tiếng Việt",
        "English": "English",
        "Japanese": "日本語"
    },
    "StatusBar": {
        "Cols": "総列数",
        "Rows": "総行数",
        "Characters": "文字",
        "Sum": "合計"
    },
    "Update": {
        "Title": "アップデート可能",
        "Message": "CSV Editorの新しいバージョンが利用可能です！",
        "MandatoryMessage": "これは必須アップデートです。最新バージョンをダウンロードしてインストールしてください。",
        "CurrentVersion": "現在のバージョン：{0}",
        "NewVersion": "新しいバージョン：{0}",
        "WhatsNew": "新機能：",
        "NoChangelog": "リリースノートはありません。",
        "UpToDate": "最新バージョンを使用しています！",
        "CheckFailed": "更新の確認に失敗しました。後でもう一度お試しください。",
        "Downloading": "ダウンロード中",
        "PreparingDownload": "ダウンロードを準備中...",
        "DownloadCompleted": "ダウンロード完了！",
        "DownloadCancelled": "ダウンロードをキャンセルしました。",
        "DownloadFailed": "ダウンロードに失敗しました。",
        "DownloadError": "更新をダウンロードできませんでした：\n{0}",
        "Cancelling": "ダウンロードをキャンセル中...",
        "InstallNow": "更新がダウンロードされました。今すぐインストールしますか？",
        "InstallTitle": "更新をインストール",
        "SaveUpdateTitle": "更新ファイルを保存",
        "DownloadSuccessPortable": "更新ファイルが正常にダウンロードされました：\n{0}"
    }
}
