{
    "App": {
        "Name": "CSV Editor",
        "NewFile": "(Tệp mới)"
    },
    "Menu": {
        "File": "Tệp",
        "Open": "Mở",
        "OpenFromUrl": "Mở từ URL",
        "New": "Tạo mới",
        "Save": "Lưu",
        "SaveAs": "Lưu thành...",
        "ExportToExcel": "Xuất sang Excel",
        "Close": "Đóng tệp đang mở",
        "View": "Xem",
        "FindAndReplace": "Tìm và thay thế",
        "HideQuoteMarks": "Ẩn dấu ngoặc kép",
        "ShowQuoteMarks": "Hiển thị dấu ngoặc kép",
        "ResizeColumns": "Điều chỉnh độ rộng cột",
        "ColumnHeaderStyle": "Tiêu đề cột",
        "ColumnNumber": "Số thứ tự cột",
        "ExcelStyle": "Phong cách Excel",
        "CsvHeader": "Tiêu đề CSV",
        "Option": "Tùy chọn",
        "Encoding": "Mã hóa",
        "Delimiter": "Phân cách",
        "Language": "Ngôn ngữ",
        "Tools": "Công cụ",
        "MergeFiles": "Gộp nhiều tập tin",
        "OpenWithEncrypt": "Mở tệp mã hóa",
        "SaveWithEncrypt": "Lưu tệp mã hóa",
        "Help": "Trợ giúp",
        "CheckForUpdates": "Kiểm tra cập nhật",
        "About": "Giới thiệu CSV Editor"
    },
    "Button": {
        "Undo": "Hoàn tác",
        "Redo": "Thực thi lại",
        "ZoomIn": "Phóng to nội dung",
        "ZoomOut": "Thu nhỏ nội dung",
        "ZoomSize": "Điều chỉnh kích thước",
        "QuoteMarksAdd": "Thêm ngoặc kép",
        "QuoteMarksRemove": "Xóa ngoặc kép",
        "Highlight": "Highlight",
        "HighlightRemove": "Xóa Highlight",
        "HighlightClear": "Xóa tất cả Highlight",
        "Confirm": "Xác nhận",
        "Cancel": "Hủy",
        "OK": "Đồng ý",
        "Download": "Tải xuống",
        "DownloadNow": "Tải ngay",
        "Skip": "Bỏ qua"
    },
    "Delimiter": {
        "Comma": "Dấu phẩy (,)",
        "Semicolon": "Dấu chấm phẩy (;)",
        "Pipe": "Dấu sổ dọc (|)",
        "Space": "Khoảng trắng ( )",
        "Colon": "Dấu hai chấm (:)",
        "Tab": "Dấu tab (\\t)"
    },
    "EmptyState": {
        "Title": "Kéo thả tệp CSV vào đây",
        "Subtitle": "hoặc sử dụng menu Tệp → Mở để chọn tệp",
        "Formats": "Hỗ trợ:"
    },
    "InputBox": {
        "NewCSVTitle": "Thêm mới CSV",
        "EnterRows": "Nhập số dòng:",
        "EnterColumns": "Nhập số cột:",
        "InsertRowTitle": "Chèn dòng mới",
        "InsertColumnTitle": "Chèn cột mới",
        "UrlTitle": "Mở CSV từ URL",
        "EnterUrl": "Nhập URL (HTTP/HTTPS):"
    },
    "EditTextBox": {
        "WrapText": "Tự động xuống dòng",
        "EditValueTitle": "Thay đổi giá trị"
    },
    "FindAndReplace": {
        "FindWhat": "Tìm kiếm:",
        "ReplaceWith": "Thay thế bằng:",
        "Mode": {
            "Title": "Chế độ tìm kiếm",
            "Accurate": "Chính xác",
            "Contains": "Tương đối",
            "StartsWith": "Bắt đầu",
            "EndsWith": "Kết thúc"
        },
        "FindOnlyColumn": "Chỉ tìm ở cột hiện tại",
        "FindPrevious": "<< Về trước",
        "FindNext": "Đi tiếp >>",
        "Replace": "Thay thế",
        "ReplaceAll": "Thay tất cả",
        "EnterValue": "Nhập giá trị để tìm kiếm!",
        "ClickToSearch": "Nhấn để tìm kiếm!",
        "NotFound": "Không tìm thấy: \"{0}\"",
        "Count": "Số lượng: {0}/{1}"
    },
    "Filter": {
        "Search": "Tìm kiếm...",
        "SelectAll": "(Tất cả)",
        "Blanks": "(Ô trống)",
        "Apply": "Áp dụng",
        "Cancel": "Hủy",
        "SortNameAsc": "Tên ↑",
        "SortNameDesc": "Tên ↓",
        "SortCountAsc": "SLg ↑",
        "SortCountDesc": "SLg ↓"
    },
    "ContextMenu": {
        "EditCell": "Chỉnh sửa ô",
        "DeleteCells": "Xóa các ô đang chọn",
        "InsertRow": "Chèn hàng",
        "InsertRows": "Chèn nhiều hàng",
        "FreezeRow": "Đóng băng hàng",
        "UnfreezeRow": "Bỏ đóng băng hàng",
        "HideSelectedRows": "Ẩn các hàng đã chọn",
        "UnhideSelectedRows": "Hiện các hàng đã chọn",
        "UnhideAllRows": "Hiện tất cả các hàng",
        "DeleteSelectedRows": "Xóa các hàng đã chọn",
        "FilterColumn": "Lọc",
        "InsertColumn": "Chèn cột",
        "InsertColumns": "Chèn nhiều cột",
        "FreezeColumn": "Đóng băng cột",
        "UnfreezeColumn": "Bỏ đóng băng cột",
        "HideSelectedColumns": "Ẩn các cột đã chọn",
        "UnhideSelectedColumns": "Hiện các cột đã chọn",
        "UnhideAllColumns": "Hiện tất cả các cột",
        "DeleteSelectedColumns": "Xóa các cột đã chọn"
    },
    "Message": {
        "Error": "Lỗi",
        "ErrorTitle": "Lỗi",
        "Notification": "Thông báo",
        "InitializingGrid": "Đang khởi tạo lưới dữ liệu...",
        "Processing": "Đang xử lý...",
        "FrozenRowWarning": "Dòng đang chọn bị đóng băng.\r\nKhông thể thực hiện thao tác này!",
        "FrozenColumnWarning": "Cột đang chọn bị đóng băng.\r\nKhông thể thực hiện thao tác này!",
        "ConfirmSave": "Bạn có chắc muốn lưu file",
        "SaveTitle": "Lưu",
        "SavedTitle": "Đã lưu",
        "SavedAt": "File lưu tại: {0}",
        "ReadError": "Không thể đọc file:\n{0}",
        "SaveError": "Không thể lưu file:\n{0}",
        "MergeError": "Lỗi khi merge file: {0}",
        "ConfirmSaveEncrypted": "Bạn chắc chắn chứ?",
        "SaveEncryptedTitle": "Lưu tệp mã hóa",
        "ResizingColumns": "Đang điều chỉnh độ rộng cột...",
        "ReplaceAllConfirm": "Thay {0} ô thành \"{1}\"?\r\n Bạn chắc chứ?",
        "ReplaceAllTitle": "Thay thế toàn bộ",
        "UnsavedChanges": "Bạn có muốn lưu không?",
        "UnsavedChangesTitle": "Có thay đổi chưa được lưu",
        "CannotOpenFile": "Không thể mở file: {0}\n{1}",
        "CannotHideAllColumns": "Không thể ẩn toàn bộ cột",
        "CannotDeleteAllColumns": "Không thể xóa toàn bộ cột",
        "CannotUpdateHeader": "Không thể cập nhật dòng tiêu đề!\r\nHãy chuyển chế độ hiển thị và thực hiện lại.",
        "ErrorExecuting": "Lỗi khi thực thi",
        "ErrorUndoing": "Lỗi khi hoàn tác",
        "ErrorRedoing": "Lỗi khi thực thi lại",
        "InvalidUrl": "Vui lòng nhập URL HTTP hoặc HTTPS hợp lệ",
        "UrlDownloadError": "Không thể tải file từ URL:\n{0}",
        "UrlLoadError": "Không thể mở CSV từ URL:\n{0}"
    },
    "Language": {
        "Vietnamese": "Tiếng Việt",
        "English": "English",
        "Japanese": "日本語"
    },
    "StatusBar": {
        "Cols": "SL cột",
        "Rows": "SL dòng"
    },
    "Update": {
        "Title": "Có bản cập nhật mới",
        "Message": "Phiên bản mới của CSV Editor đã có sẵn!",
        "MandatoryMessage": "Đây là bản cập nhật bắt buộc. Vui lòng tải xuống và cài đặt phiên bản mới nhất.",
        "CurrentVersion": "Phiên bản hiện tại: {0}",
        "NewVersion": "Phiên bản mới: {0}",
        "WhatsNew": "Có gì mới:",
        "NoChangelog": "Không có ghi chú phát hành.",
        "UpToDate": "Bạn đang sử dụng phiên bản mới nhất!",
        "CheckFailed": "Không thể kiểm tra cập nhật. Vui lòng thử lại sau.",
        "Downloading": "Đang tải xuống",
        "PreparingDownload": "Đang chuẩn bị tải xuống...",
        "DownloadCompleted": "Tải xuống hoàn tất!",
        "DownloadCancelled": "Đã hủy tải xuống.",
        "DownloadFailed": "Tải xuống thất bại.",
        "DownloadError": "Không thể tải xuống bản cập nhật:\n{0}",
        "Cancelling": "Đang hủy tải xuống...",
        "InstallNow": "Bản cập nhật đã được tải xuống. Bạn có muốn cài đặt ngay bây giờ không?",
        "InstallTitle": "Cài đặt bản cập nhật",
        "SaveUpdateTitle": "Lưu tệp cập nhật",
        "DownloadSuccessPortable": "Tệp cập nhật đã được tải xuống thành công tại:\n{0}"
    }
}
